workerid,assignmentid,age,gender,task,time_elapsed,hitid
zyrahhc,assignmentid,24,Male,memory_2step,6334,
d3z0uj3,assignmentid,2400,Male,memory_2step,7786,
mx11z3f,assignmentid,94,Female,memory_2step,10001,
22f6ypg,assignmentid,31,F,memory_2step,4410871,
qtphlqm,assignmentid,25,Male,memory_2step,3814533,
p7k184a,assignmentid,27,Male,memory_2step,4131319,
1333,assignmentid,22,female,memory_2step,3663785,
2225,assignmentid,21,male,memory_2step,4081146,
4192,assignmentid,18,female,memory_2step,4710704,
4281,assignmentid,18,female,memory_2step,19007408,
2099,assignmentid,20,Female,memory_2step,4036924,
3311,assignmentid,19,female,memory_2step,3651222,
1952,assignmentid,21,female,memory_2step,4255255,
4438,assignmentid,18,male,memory_2step,4258092,
4277,assignmentid,18,Female,memory_2step,3756906,
811,assignmentid,20,female,memory_2step,3539570,
1846,assignmentid,20,Male,memory_2step,4373397,
4355,assignmentid,20,female,memory_2step,4071093,
4130,assignmentid,18,male,memory_2step,6349087,
2923,assignmentid,19,Male,memory_2step,5306904,
4279,assignmentid,19,female,memory_2step,3993986,
3078,assignmentid,21,female,memory_2step,3691501,
2815,assignmentid,22,Male,memory_2step,4772426,
4426,assignmentid,18,Male,memory_2step,3879467,
4450,assignmentid,19,girl,memory_2step,4158416,
1177,assignmentid,20,Male,memory_2step,4666608,
413,assignmentid,21,Female,memory_2step,5849260,
4071,assignmentid,20,Female,memory_2step,3671713,
3831,assignmentid,19,female,memory_2step,5626407,
4398,assignmentid,18,Male,memory_2step,3889361,
4353,assignmentid,19,Male,memory_2step,3997957,
4222,assignmentid,18,Female,memory_2step,3873780,
4089,assignmentid,18,Female,memory_2step,3677674,
3280,assignmentid,19,Male,memory_2step,3986101,
4459,assignmentid,18,Male,memory_2step,4154293,
4456,assignmentid,19,Male,memory_2step,4593289,
1526,assignmentid,21,male,memory_2step,3804850,
2503,assignmentid,19,Female,memory_2step,3854679,
4440,assignmentid,19,Female,memory_2step,4229222,
4433,assignmentid,18,Male,memory_2step,3778231,
3591,assignmentid,20,female,memory_2step,3608838,
3827,assignmentid,20,female,memory_2step,24219922,
1988,assignmentid,22,female,memory_2step,3977807,
486,assignmentid,21,Man,memory_2step,3824535,
3836,assignmentid,18,Female,memory_2step,7185518,
454,assignmentid,21,female,memory_2step,8404520,
4461,assignmentid,19,Male,memory_2step,3441682,
3652,assignmentid,20,Female,memory_2step,4520499,
2370,assignmentid,19,Male,memory_2step,4920743,
3998,assignmentid,19,female,memory_2step,4794935,
2720,assignmentid,19,female,memory_2step,65771025,
4213,assignmentid,20,Male,memory_2step,3898433,
2726,assignmentid,19,male,memory_2step,3999324,
4407,assignmentid,19,female,memory_2step,3887941,
4206,assignmentid,19,Male,memory_2step,3701881,
693,assignmentid,22,Female,memory_2step,4946931,
4043,assignmentid,18,Female,memory_2step,4450399,
2601,assignmentid,19,male,memory_2step,8610328,
489,assignmentid,20,Female,memory_2step,5065731,
3601,assignmentid,19,Female,memory_2step,3718820,
3962,assignmentid,19,male,memory_2step,4062630,
4086,assignmentid,19,female,memory_2step,4068060,
4444,assignmentid,21,Male,memory_2step,3831644,
3671,assignmentid,21,nonbinary,memory_2step,4027751,
3645,assignmentid,19,Male,memory_2step,4778262,
2188,assignmentid,20,male,memory_2step,12035295,
4310,assignmentid,21,Male,memory_2step,3802437,
4390,assignmentid,18,male,memory_2step,4197473,
2980,assignmentid,20,female,memory_2step,3941335,
4214,assignmentid,19,Male,memory_2step,4052303,
2757,assignmentid,20,female,memory_2step,4104733,
4470,assignmentid,19,Male,memory_2step,4208855,
4458,assignmentid,19,male,memory_2step,6835542,
2912,assignmentid,19,male,memory_2step,5664547,
3688,assignmentid,20,Male,memory_2step,3635353,
4460,assignmentid,19,Male,memory_2step,4126102,
3506,assignmentid,18,Male,memory_2step,3921388,
1940,assignmentid,22,female,memory_2step,3954899,
1876,assignmentid,20,male,memory_2step,4915849,
3326,assignmentid,20,female,memory_2step,15044467,
4417,assignmentid,19,male,memory_2step,3748736,
3713,assignmentid,21,Female,memory_2step,3406115,
4204,assignmentid,18,female,memory_2step,4642443,
1678,assignmentid,0,gay,memory_2step,3624807,
3193,assignmentid,20,Male,memory_2step,3989984,
4019,assignmentid,20,Female,memory_2step,4801383,
4189,assignmentid,18,male,memory_2step,3898104,
4104,assignmentid,19,Female,memory_2step,3599757,
954,assignmentid,20,Female,memory_2step,20966406,
4091,assignmentid,18,Male,memory_2step,4254604,
326,assignmentid,22,Male,memory_2step,3966127,
4483,assignmentid,19,Female,memory_2step,43612086,
4388,assignmentid,19,Male,memory_2step,7631219,
4389,assignmentid,19,Female,memory_2step,4074728,
4445,assignmentid,18,male,memory_2step,4093025,
606,assignmentid,20,female,memory_2step,3762404,
2189,assignmentid,23,Male,memory_2step,3742904,
4446,assignmentid,18,Male,memory_2step,4222033,
2962,assignmentid,19,Male,memory_2step,3932638,
3855,assignmentid,19,Female,memory_2step,4606646,
4020,assignmentid,18,non-binary,memory_2step,3769665,
2905,assignmentid,20,Female,memory_2step,3721526,
4344,assignmentid,19,female,memory_2step,4830307,
4080,assignmentid,18,Female,memory_2step,3895204,
4424,assignmentid,18,Male,memory_2step,4087859,
4462,assignmentid,19,female,memory_2step,22932485,
4480,assignmentid,19,Male,memory_2step,8087578,
4366,assignmentid,19,woman,memory_2step,6581985,
4416,assignmentid,19,Male,memory_2step,4948234,
4419,assignmentid,20,male,memory_2step,3881321,
4360,assignmentid,18,female,memory_2step,3581249,
1101,assignmentid,20,female,memory_2step,3576448,
2447,assignmentid,20,Woman,memory_2step,4131464,
4275,assignmentid,18,female,memory_2step,4499233,
3964,assignmentid,18,female,memory_2step,3681159,
953,assignmentid,21,Female,memory_2step,4385630,
4486,assignmentid,18,Male,memory_2step,4246995,
4147,assignmentid,18,Male,memory_2step,3985972,
4386,assignmentid,19,woman,memory_2step,21043394,
4452,assignmentid,18,female,memory_2step,13714063,
4100,assignmentid,18,Female ,memory_2step,3878996,
2306,assignmentid,20,female,memory_2step,3919083,
3631,assignmentid,19,female,memory_2step,3721316,
4150,assignmentid,18,female,memory_2step,4059156,
4165,assignmentid,20,Male,memory_2step,4354348,
4476,assignmentid,18,Male,memory_2step,3613820,
336,assignmentid,20,Male,memory_2step,3799138,
4256,assignmentid,18,male,memory_2step,4252437,
2735,assignmentid,19,woman,memory_2step,7618979,
2585,assignmentid,20,Male,memory_2step,4205561,
199690,assignmentid,24,Male,memory_2step_exp2,4738,
2365,assignmentid,20,Female,memory_2step_exp2,3762642,
2999,assignmentid,24,female,memory_2step_exp2,3868889,
3464,assignmentid,19,male,memory_2step_exp2,3629673,
2577,assignmentid,20,male,memory_2step_exp2,3618663,
4867,assignmentid,19,Female,memory_2step_exp2,4710206,
4792,assignmentid,19,female,memory_2step_exp2,3708700,
3435,assignmentid,19,Male,memory_2step_exp2,6007196,
1770,assignmentid,22,female,memory_2step_exp2,4039997,
4682,assignmentid,20,Female,memory_2step_exp2,3558731,
1370,assignmentid,21,Female,memory_2step_exp2,4345737,
4738,assignmentid,20,Female,memory_2step_exp2,4440653,
4716,assignmentid,19,female,memory_2step_exp2,8425399,
1702,assignmentid,21,Male,memory_2step_exp2,3465120,
3214,assignmentid,20,Female,memory_2step_exp2,5437175,
4809,assignmentid,19,male,memory_2step_exp2,4023757,
4441,assignmentid,19,female,memory_2step_exp2,9793894,
1470,assignmentid,21,female,memory_2step_exp2,3813640,
1110,assignmentid,21,Male,memory_2step_exp2,4276850,
3274,assignmentid,19,Female,memory_2step_exp2,4028048,
3300,assignmentid,20,male,memory_2step_exp2,4021850,
1999,assignmentid,21,male,memory_2step_exp2,3872282,
2240,assignmentid,21,Male,memory_2step_exp2,3706352,
4855,assignmentid,19,Female,memory_2step_exp2,3985037,
4824,assignmentid,18,Male,memory_2step_exp2,4204107,
1938,assignmentid,22,male,memory_2step_exp2,3779865,
4153,assignmentid,19,Female,memory_2step_exp2,3598941,
2254,assignmentid,21,Female,memory_2step_exp2,3753116,
3834,assignmentid,19,Male,memory_2step_exp2,3470540,
4871,assignmentid,22,Male,memory_2step_exp2,4976951,
680,assignmentid,22,Female,memory_2step_exp2,3649906,
4744,assignmentid,21,male,memory_2step_exp2,3673086,
4860,assignmentid,22,Female,memory_2step_exp2,4752785,
4115,assignmentid,18,man,memory_2step_exp2,3606610,
3950,assignmentid,20,Man,memory_2step_exp2,3723787,
962,assignmentid,20,Female,memory_2step_exp2,3529022,
2840,assignmentid,19,female,memory_2step_exp2,4590936,
3676,assignmentid,20,female,memory_2step_exp2,5543987,
3570,assignmentid,20,Male,memory_2step_exp2,3822309,
827,assignmentid,21,Female,memory_2step_exp2,4894345,
4680,assignmentid,20,woman,memory_2step_exp2,4433262,
4700,assignmentid,18,female,memory_2step_exp2,3676875,
4361,assignmentid,19,female,memory_2step_exp2,4605425,
4562,assignmentid,19,female,memory_2step_exp2,4230461,
1004,assignmentid,20,Female,memory_2step_exp2,3662406,
3416,assignmentid,20,Female,memory_2step_exp2,4226873,
668,assignmentid,22,male,memory_2step_exp2,3568721,
3924,assignmentid,20,female,memory_2step_exp2,3668756,
4786,assignmentid,19,Male,memory_2step_exp2,3758842,
4662,assignmentid,19,Male,memory_2step_exp2,4242074,
1008,assignmentid,21,Male,memory_2step_exp2,3733929,
867,assignmentid,21,female,memory_2step_exp2,3556541,
4357,assignmentid,19,Female,memory_2step_exp2,3377686,
4629,assignmentid,18,Male,memory_2step_exp2,3777481,
4614,assignmentid,18,female,memory_2step_exp2,3772364,
3925,assignmentid,19,female,memory_2step_exp2,382139977,
4709,assignmentid,19,femail,memory_2step_exp2,67058226,
4686,assignmentid,20,Male,memory_2step_exp2,3306109,
4485,assignmentid,20,male,memory_2step_exp2,3375165,
4904,assignmentid,18,Female,memory_2step_exp2,5584101,
4533,assignmentid,18,male,memory_2step_exp2,3946848,
1683,assignmentid,22,Female,memory_2step_exp2,3797543,
1044,assignmentid,20,m,memory_2step_exp2,6272550,
4689,assignmentid,21,male,memory_2step_exp2,4534402,
1738,assignmentid,21,female,memory_2step_exp2,33333869,
2876,assignmentid,19,female,memory_2step_exp2,3518846,
254,assignmentid,22,Female,memory_2step_exp2,3933960,
4841,assignmentid,21,male,memory_2step_exp2,6968790,
1587,assignmentid,21,female,memory_2step_exp2,3823029,
4427,assignmentid,19,female,memory_2step_exp2,4069702,
4650,assignmentid,21,Female,memory_2step_exp2,4853211,
4884,assignmentid,18,female,memory_2step_exp2,4218403,
2934,assignmentid,19,female,memory_2step_exp2,3587243,
4622,assignmentid,18,Male,memory_2step_exp2,3523361,
4437,assignmentid,18,Female,memory_2step_exp2,4062350,
4739,assignmentid,19,female,memory_2step_exp2,3923810,
4653,assignmentid,19,Female,memory_2step_exp2,3617820,
4848,assignmentid,19,Male,memory_2step_exp2,4211677,
4003,assignmentid,19,Female,memory_2step_exp2,3595924,
4736,assignmentid,18,Male,memory_2step_exp2,3724253,
529,assignmentid,21,female,memory_2step_exp2,4191083,
4881,assignmentid,18,female,memory_2step_exp2,3806595,
4892,assignmentid,19,nonbinary,memory_2step_exp2,4244695,
4638,assignmentid,19,Female,memory_2step_exp2,3887945,
4916,assignmentid,21,Male,memory_2step_exp2,4370757,
2041,assignmentid,20,male,memory_2step_exp2,3887854,
4574,assignmentid,19,Male,memory_2step_exp2,3286685,
4906,assignmentid,19,female,memory_2step_exp2,6435090,
4410,assignmentid,19,female,memory_2step_exp2,4430432,
4908,assignmentid,20,genderqueer/woman,memory_2step_exp2,4378624,
605,assignmentid,21,female,memory_2step_exp2,4890288,
4816,assignmentid,19,Male,memory_2step_exp2,3847323,
3055,assignmentid,19,male,memory_2step_exp2,7021740,
4831,assignmentid,18,Female ,memory_2step_exp2,5085647,
2983,assignmentid,20,Male,memory_2step_exp2,3847273,
3508,assignmentid,20,Female,memory_2step_exp2,3639740,
4761,assignmentid,18,male,memory_2step_exp2,5324950,
4577,assignmentid,20,Male,memory_2step_exp2,125582603,
1331,assignmentid,21,female,memory_2step_exp2,4046045,
4548,assignmentid,18,Female,memory_2step_exp2,4343554,
4883,assignmentid,21,male,memory_2step_exp2,3781927,
1935,assignmentid,21,Man,memory_2step_exp2,3996500,
3224,assignmentid,22,female,memory_2step_exp2,3714047,
4217,assignmentid,20,female,memory_2step_exp2,4056587,
4920,assignmentid,22,male,memory_2step_exp2,3877333,
4478,assignmentid,21,male,memory_2step_exp2,3672410,
2392,assignmentid,21,Female,memory_2step_exp2,3283255,
4877,assignmentid,19,Male,memory_2step_exp2,4129919,
4843,assignmentid,21,Man,memory_2step_exp2,11941281,
4808,assignmentid,22,female,memory_2step_exp2,451834058,
4395,assignmentid,18,Male,memory_2step_exp2,4650410,
4185,assignmentid,18,female,memory_2step_exp2,3720144,
4778,assignmentid,21,female,memory_2step_exp2,4227111,
2272,assignmentid,21,Female,memory_2step_exp2,3525353,
4537,assignmentid,22,Male,memory_2step_exp2,3667057,
3989,assignmentid,19,female,memory_2step_exp2,3826159,
3663,assignmentid,22,Male,memory_2step_exp2,3437231,
3876,assignmentid,19,female,memory_2step_exp2,3893180,
4922,assignmentid,20,Male,memory_2step_exp2,3712387,
1767,assignmentid,21,female,memory_2step_exp2,3577959,
1477,assignmentid,22,female,memory_2step_exp2,5104236,
3740,assignmentid,20,female,memory_2step_exp2,5898635,
3455,assignmentid,23,F,memory_2step_exp2,4239794,
621,assignmentid,20,male,memory_2step_exp2,4561700,
4923,assignmentid,18,Male,memory_2step_exp2,3566191,
4838,assignmentid,22,female,memory_2step_exp2,3746835,
833,assignmentid,20,female,memory_2step_exp2,3793090,
2515,assignmentid,19,female,memory_2step_exp2,3355705,
2737,assignmentid,20,female,memory_2step_exp2,3679588,
4885,assignmentid,19,FEMALE,memory_2step_exp2,4155080,
4730,assignmentid,19,female,memory_2step_exp2,3792598,
3562,assignmentid,20,Female,memory_2step_exp2,3623182,
4392,assignmentid,19,female,memory_2step_exp2,4693843,
4696,assignmentid,19,Nonbinary,memory_2step_exp2,7888826,
4921,assignmentid,22,Female,memory_2step_exp2,3689516,
2131,assignmentid,21,Male,memory_2step_exp2,5070725,
4176,assignmentid,19,female,memory_2step_exp2,3670980,
4674,assignmentid,21,female,memory_2step_exp2,3516583,
4901,assignmentid,20,Female,memory_2step_exp2,3751852,
4723,assignmentid,20,female,memory_2step_exp2,8967791,
3444,assignmentid,20,male,memory_2step_exp2,4664553,
4854,assignmentid,18,female,memory_2step_exp2,4027695,
4573,assignmentid,19,Female,memory_2step_exp2,4128148,
4660,assignmentid,21,female,memory_2step_exp2,3575017,
3401,assignmentid,20,female,memory_2step_exp2,7652586,
2389,assignmentid,20,Female,memory_2step_exp2,3317326,
4821,assignmentid,18,Male,memory_2step_exp2,3856924,
4927,assignmentid,20,Woman,memory_2step_exp2,4106776,
4812,assignmentid,19,male,memory_2step_exp2,3068137,
4644,assignmentid,21,Male,memory_2step_exp2,4187616,
1118,assignmentid,21,male,memory_2step_exp2,6424955,
4933,assignmentid,18,Female,memory_2step_exp2,4079197,
1734,assignmentid,23,woman,memory_2step_exp2,3979191,
4934,assignmentid,21,M,memory_2step_exp2,3680613,
1235,assignmentid,22,Male,memory_2step_exp2,3749429,
4671,assignmentid,21,male,memory_2step_exp2,4317406,
4764,assignmentid,21,female,memory_2step_exp2,4128754,
4377,assignmentid,18,female,memory_2step_exp2,29626677,
4888,assignmentid,19,Male,memory_2step_exp2,4470259,
4515,assignmentid,19,Male,memory_2step_exp2,3615194,
4930,assignmentid,19,Female,memory_2step_exp2,4068770,
4907,assignmentid,19,Female,memory_2step_exp2,3665073,
2242,assignmentid,20,female,memory_2step_exp2,3857609,
3171,assignmentid,21,male,memory_2step_exp2,10880494,
4925,assignmentid,19,Female,memory_2step_exp2,7946032,
4785,assignmentid,22,Male,memory_2step_exp2,4354584,
3682,assignmentid,20,Woman,memory_2step_exp2,3498963,
4210,assignmentid,19,woman,memory_2step_exp2,3725302,
2658,assignmentid,20,Male,memory_2step_exp2,3518759,
1559,assignmentid,22,Male,memory_2step_exp2,3649886,
4918,assignmentid,25,Male,memory_2step_exp2,3953275,
4517,assignmentid,18,female,memory_2step_exp2,4175651,
4818,assignmentid,22,Male,memory_2step_exp2,3857647,
1246,assignmentid,21,Male,memory_2step_exp2,4433672,
3914,assignmentid,19,Female,memory_2step_exp2,3501179,
4935,assignmentid,19,male,memory_2step_exp2,3795166,
4637,assignmentid,19,male,memory_2step_exp2,53936920,
542,assignmentid,21,female,memory_2step_exp2,4022438,
4899,assignmentid,18,Male,memory_2step_exp2,3519291,
4752,assignmentid,18,Male,memory_2step_exp2,30050416,
2265,assignmentid,22,Female,memory_2step_exp2,3468048,
4776,assignmentid,18,Male,memory_2step_exp2,3617760,
4834,assignmentid,21,female,memory_2step_exp2,3754280,
4811,assignmentid,18,Female,memory_2step_exp2,4450790,
4582,assignmentid,18,female,memory_2step_exp2,3674806,
3188,assignmentid,19,female,memory_2step_exp2,3826351,
1896,assignmentid,21,Female,memory_2step_exp2,4352217,
722,assignmentid,22,Male,memory_2step_exp2,3462715,
4777,assignmentid,18,Woman,memory_2step_exp2,4218054,
339,assignmentid,20,female,memory_2step_exp2,6255018,
4146,assignmentid,19,female,memory_2step_exp2,4073557,
998,assignmentid,20,Female,memory_2step_exp2,3806989,
1200,assignmentid,22,female,memory_2step_exp2,4759492,
4718,assignmentid,20,female,memory_2step_exp2,4642700,
973,assignmentid,20,nonbinary,memory_2step_exp2,5765797,
4679,assignmentid,19,Female,memory_2step_exp2,6116520,
2442,assignmentid,20,male,memory_2step_exp2,4767308,
3130,assignmentid,22,female,memory_2step_exp2,3574856,
4399,assignmentid,19,Female,memory_2step_exp2,4094649,
4897,assignmentid,18,Female,memory_2step_exp2,3796804,
1659,assignmentid,21,female,memory_2step_exp2,18789044,
897,assignmentid,21,female,memory_2step_exp2,7547612,
ajg27eb,assignmentid,100,giraffe,memory_2step_exp2,3955419,
atabke,assignmentid,25,M,memory_2step_exp3,3360,60500
atabke,atabk_test2,25,M,memory_2step_exp3,2455,60500
A2R75YFKVALBXE,36AHBNMV1VSRU1B1BDAUDIOB7N7DYP,71,male,memory_2step_exp3,4388869,39O6Z4JLY5DL2UNJ70JKB6RMCJRXVU
A1ROEDVMTO9Y3X,30MVJZJNHQTPWM3LDX4PHZQX3YJJ9K,50,female,memory_2step_exp3,5098690,39O6Z4JLY5DL2UNJ70JKB6RMCJRXVU
AYDILOZLKOAS8,3IRIK4HM3E0F6PVH5YKRALM0ND2C6O,34,male,memory_2step_exp3,3457362,39O6Z4JLY5DL2UNJ70JKB6RMCJRXVU
A1T3ROSW2LC4FG,3H7XDTSHKG7QHGQSY2TEY66S97NGW3,53,female,memory_2step_exp3,3650154,39O6Z4JLY5DL2UNJ70JKB6RMCJRXVU
A3EA4SHCLJ1UZQ,3Q8GYXHFETIJNLV30FAMIF80RIRC58,34,Male,memory_2step_exp3,3980890,39O6Z4JLY5DL2UNJ70JKB6RMCJRXVU
A3LVLZS8S41ZD7,3X1FV8S5J17D2RQN8SOIC4NE2YLGVT,49,Female,memory_2step_exp3,3962459,31SIZS5W6CV90Q5QC2JIG16QUARQRX
A1Y0Y6U906ABT5,34V1S5K3GWHD8ROETEA08VLSHSZ964,41,female,memory_2step_exp3,4305224,39O6Z4JLY5DL2UNJ70JKB6RMCJRXVU
A26RO8GGTQAXGG,3MD9PLUKKMU0L3CJWTQGNU97RLXZN4,57,woman,memory_2step_exp3,3618280,39O6Z4JLY5DL2UNJ70JKB6RMCJRXVU
A1FKRZKU1H9YFC,3DQQ64TANK1WUTJR1LJ1SFKKAYWWP9,39,female,memory_2step_exp3,3416239,39O6Z4JLY5DL2UNJ70JKB6RMCJRXVU
A28T38MOUG43YD,3WI0P0II658IX0ZFXII05MVE5ANDR3,25,Male,memory_2step_exp3,3285082,3HRWUH63RXIZS6U0Z3EY966PXK25N4
A159MC0L7J302O,3NOKK93PR5OYG28A779KCXEGQXYEEK,33,male,memory_2step_exp3,3328255,3HRWUH63RXIZS6U0Z3EY966PXK25N4
A2G7N0X0PNX0EE,37C0GNLMHJJPBH1V5UF2UR4I9N96DY,35,Male,memory_2step_exp3,3458246,3DW3BNF1HKYVNTMBZS7SV7ATLD58VQ
A1G5EPLJEGL381,3YDGXNSEO3AZFZ1Q5YB7B163256485,30,Female,memory_2step_exp3,3481399,3SD15I2WE5AO7614M34OSYMJOYM362
A2C8CPT60DE5V8,337RC3OW09ITOJ4OJJLYPWSMZP2LVK,23,female,memory_2step_exp3,3404632,382GHPVPIV7ASJXQ3FB9V025S7G34H
A1P47Q6LZPLQ6P,33IZTU6J85H8WL4937JHP3327UHSX7,30,Male,memory_2step_exp3,3645688,3VGZ74AYUJWEHZMTR9OBXS32OP2GCF
A38I0E8UK53ME5,3OLF68YTNDHNW3RUMDR4YW9PHJEAF2,34,female,memory_2step_exp3,3803038,3HRWUH63RXIZS6U0Z3EY966PXK25N4
A19FWZXTGX663T,37U1UTWH9Z26G53OGA7KJUHDUJQR8B,29,male,memory_2step_exp3,3446869,3X52SWXE10LAELCT6ESTJVPQIDRWCT
A1GC6CN3F0IHWN,39O5D9O87X8G968ZMWMT3IAGEWV3CP,33,Male,memory_2step_exp3,3683497,3QGHA0EA1MGR4GKNSEWY8BJ80SRWBM
A1M21S1FNT817B,3MTMREQS4ZYP7PDPC2142KVPCM6AW2,20,male,memory_2step_exp3,3310930,382GHPVPIV7ASJXQ3FB9V025S7G34H
A3CIPN7E1VL4G1,3VZLGYJEYPQ5XXQNYZDPLW05U9IXZI,35,female,memory_2step_exp3,3534496,3SA4EMRVKYI00KKCICLEW0FTGRS0PA
A2EH7IQCDH2Q5D,3NG53N1RLZZL4SN93I3VEZHYT128P0,30,female,memory_2step_exp3,3716142,32CXT5U15JJVAEXBU2XNZL8A76W8U1
A26ULCPI7UC9R0,3QJOXOW4XN7WSQ0NO5X3P5JPZZPEM9,28,male,memory_2step_exp3,3709976,3SD15I2WE5AO7614M34OSYMJOYM362
A3191G66DZEGEB,3ERET4BTVQPK7693VI41IEQAJXF9KQ,28,Male,memory_2step_exp3,3521594,32CXT5U15JJVAEXBU2XNZL8A76W8U1
A3VFA6HNMEXO9L,3VHHR074H7XRDT3S1LIIJICJD7W7LF,26,female,memory_2step_exp3,3541346,3SA4EMRVKYI00KKCICLEW0FTGRS0PA
A16DGHNPYZ8K5S,3WRFBPLXRE4Z0A5QBMV7JT4SD093N7,28,female,memory_2step_exp3,3784312,306996CF7Z0Y3F4KVQ7DFLTE4FJB13
A30CGO77OY7WP0,3MHW492WW4TDU1M9JVMDP97BZURMVM,33,Male,memory_2step_exp3,4102225,3X2LT8FDIZY82IMGP2COH9T7SM78W0
A2NMLTECRDWFN2,3QILPRALQ9BL17BWN3Q3AAC3TM18N4,32,female,memory_2step_exp3,3895946,382GHPVPIV7ASJXQ3FB9V025S7G34H
A3W1CKM4PBLRC0,3YZ8UPK3VX2080LI1GIUQR0GR9FCU6,34,male,memory_2step_exp3,3880586,306996CF7Z0Y3F4KVQ7DFLTE4FJB13
A3JGVZEXXELM3C,3K2755HG5WJLUAU66NI6OXHV2MBDF7,35,male,memory_2step_exp3,4110789,3SD15I2WE5AO7614M34OSYMJOYM362
A3BU69EKYL6SH3,3L0KT67Y8IWXWQUJ835J8HAB90CSYE,29,female,memory_2step_exp3,3821234,30UZJB2PPKSSO21QHKUJ0S8JS3B35M
A1YXH2CG99VRCZ,37WLF8U1WT6XPN75XB1PY4Z8TW66KB,26,male,memory_2step_exp3,3972486,3MQKOF1EF54KJDI76AN431783D3WDT
A2ZDEERVRN5AMC,38YMOXR4MYFOKN1MMPKSMFT3G3G6W8,29,male,memory_2step_exp3,3736295,3X2LT8FDIZY82IMGP2COH9T7SM78W0
A30RTQC0LLY19K,3A0EX8ZRNC4YF4DHXHJOIS0B5CQYBJ,30,Male,memory_2step_exp3,3803383,3B623HUYK76FV1575X2NKKQMM9B8SL
A2KRFL7H6AA8FZ,33JKGHPFYGA0MWD0H40MFSDYDRRMN7,27,Male,memory_2step_exp3,3697350,3VGZ74AYUJWEHZMTR9OBXS32OP2GCF
AB8BRFF4ZTZ40,3NG53N1RLZZL4SN93I3VEZHYT148P2,22,Male,memory_2step_exp3,3327540,3YO4AH2FQG0L0WLRIP03W553LNE0Q1
A16E38HXNQBLCU,34HJIJKLP9CXQBX3DRMH3FQBD374VA,33,Male,memory_2step_exp3,3977469,3YO4AH2FQG0L0WLRIP03W553LNE0Q1
A2L2E6J3D23CN4,3PDJHANYK9W6NX6XRQYSLCJG1F4H6K,31,Male,memory_2step_exp3,3426545,306996CF7Z0Y3F4KVQ7DFLTE4FJB13
A1W7I6FN183I8F,3GLB5JMZF1BR8AQ1H7OO6IH731CGDA,31,Male,memory_2step_exp3,4066122,3QGHA0EA1MGR4GKNSEWY8BJ80SRWBM
A7GT7BIC7ERWE,37W3JXSD6AOQ37BSS8FK56DWFD8WYX,35,female,memory_2step_exp3,3831314,3SA4EMRVKYI00KKCICLEW0FTGRS0PA
A3DDTGMRDXR9NR,3NJM2BJS40MNGVDMKUJ0GLDHJSMPCM,26,woman,memory_2step_exp3,4231913,32CXT5U15JJVAEXBU2XNZL8A76W8U1
A2DLYBXZNSSJ4S,3Z3ZLGNNSMAK37IIRENONNZXIBY3QW,27,Male,memory_2step_exp3,3694699,306996CF7Z0Y3F4KVQ7DFLTE4FJB13
A3H8HS730SRYAU,3WQQ9FUS6EAJ0YMZKDLUJFC9CXPB8K,23,female,memory_2step_exp3,3650772,3X52SWXE10LAELCT6ESTJVPQIDRWCT
A1M1E62KXCDNL0,37WLF8U1WT6XPN75XB1PY4Z8TW6K6P,26,Male,memory_2step_exp3,4032971,3DW3BNF1HKYVNTMBZS7SV7ATLD58VQ
A31A1PVXLJBISZ,3RANCT1ZVJXHYVTCNGMZF7UY9OFBUY,31,Male,memory_2step_exp3,4138165,31KPKEKW5DTYWQJ2Z73D1GA4ZNDB00
AWAHIWLMQ0HUQ,3KB8R4ZV1INYTDSH3BXIBST70G2BG0,22,Male,memory_2step_exp3,3695593,3YO4AH2FQG0L0WLRIP03W553LNE0Q1
A3HW4QDJB63OQ2,3180JW2OT8S6VZ19A7R85JLVICW5JW,30,Male,memory_2step_exp3,3561144,3Q9SPIIRXM2ML6FVM0W2D0Z2IA6WAR
A2KQ1VCW1B8QJP,3PJUZCGDJAW0C572MT7YS9HJOXM988,34,Male,memory_2step_exp3,3673203,3SD15I2WE5AO7614M34OSYMJOYM362
A15CL9A9FVSJDW,3300DTYQT6XND5YFGY4K6E3U90NEQX,26,Male,memory_2step_exp3,3973857,3SD15I2WE5AO7614M34OSYMJOYM362
A36P1ZQ0GYF567,3X73LLYYQ5UEUICPQ7K9NN52W5TNH0,31,female,memory_2step_exp3,3596351,371DNNCG57IGA1IMUX7DUPM8OSP8TA
A2R6UQCQ8T3RZE,3NVC2EB65UFTC994IO4I092ZHKE3YY,31,male,memory_2step_exp3,4077695,3SD15I2WE5AO7614M34OSYMJOYM362
A14LXHJAWRQWR6,3CFJTT4SXX6PNSVMGIL5R2KRW317I0,20,female,memory_2step_exp3,3680569,3B623HUYK76FV1575X2NKKQMM9B8SL
A24BN4WKUH4LR2,3S96KQ6I9QKVDFC717NV51WWTVMDTI,30,female,memory_2step_exp3,3880069,306996CF7Z0Y3F4KVQ7DFLTE4FJB13
A1PVL74S10WYD7,3G0WWMR1UZ0R7BBS9X73W1X3NSNQNX,29,female,memory_2step_exp3,3789780,3B623HUYK76FV1575X2NKKQMM9B8SL
A2RX8O7XVZ46AE,3YDTZAI2W1WH4ZH56D2SWRJVOZ314L,22,Female,memory_2step_exp3,3670419,3VGZ74AYUJWEHZMTR9OBXS32OP2GCF
AQ0YWEW29GSIJ,352YTHGROZTS8A2J825DOEZ25OXH4Y,30,female,memory_2step_exp3,4198291,3YO4AH2FQG0L0WLRIP03W553LNE0Q1
AXG2QCW21F3S7,3WSELTNVR7IXF89VHXWTF0OQ8SPTAW,26,Female,memory_2step_exp3,3788113,3SA4EMRVKYI00KKCICLEW0FTGRS0PA
A39CG6GXC2ZJXB,37C0GNLMHJJPBH1V5UF2UR4I9NC6D1,23,Female,memory_2step_exp3,3600818,371DNNCG57IGA1IMUX7DUPM8OSP8TA
A19YM9K2W233IM,3ZQIG0FLQIW9ZDGNNXS0Y792XW7VWO,28,male,memory_2step_exp3,4092419,371DNNCG57IGA1IMUX7DUPM8OSP8TA
AVCOBHDVXZOZL,3KJYX6QCMDRNTTGOGY9L9HFUV0YJVH,34,male,memory_2step_exp3,3989942,3SA4EMRVKYI00KKCICLEW0FTGRS0PA
A1Q0G8JA5EZ8EI,3SKRO2GZ7572I168R5P8388RLLQK1R,31,male,memory_2step_exp3,4408220,3X2LT8FDIZY82IMGP2COH9T7SM78W0
A37PUSY6CJ7TQ0,3OXV7EAXLI6RTPZYC59QHII6IAN633,33,female,memory_2step_exp3,3850743,30UZJB2PPKSSO21QHKUJ0S8JS3B35M
A27W025UEXS1G0,37TRT2X24U78KFIIBHIL85LNS8HBJ2,34,Male,memory_2step_exp3,3835367,371DNNCG57IGA1IMUX7DUPM8OSP8TA
AJFIMLAWP65TE,3OONKJ5DKGZMLQ9FRUAQG129R2TOB0,31,female,memory_2step_exp3,3782140,3X52SWXE10LAELCT6ESTJVPQIDRWCT
A3USP1ZP069KCK,33TIN5LC08QFRBYKZX5SRM5LHCO9YL,35,Female,memory_2step_exp3,4514435,3VGZ74AYUJWEHZMTR9OBXS32OP2GCF
A1Q56N80RJLQ7S,3RXCAC0YIV5FRFUA0ZD8KQ36SAF8GW,33,Male,memory_2step_exp3,3420940,3Q9SPIIRXM2ML6FVM0W2D0Z2IA6WAR
A2RVFMCKSSEHDV,3W8CV64QJ6FT5G8VPX145MAIRGB9HM,27,male,memory_2step_exp3,4406539,3YO4AH2FQG0L0WLRIP03W553LNE0Q1
A1F2N0IPSNJF3R,3M0BCWMB8ZCUQZIHIG10XVFVU4UWBM,32,male,memory_2step_exp3,3470131,3X2LT8FDIZY82IMGP2COH9T7SM78W0
A3THO9TNFICLD1,3OUYGIZWRBE3M3I68EQGLKBGA3R0P6,27,female,memory_2step_exp3,3700309,3DW3BNF1HKYVNTMBZS7SV7ATLD58VQ
A2WNTI69VVVWMZ,37UQDCYH61BU9YFMFPKO6RAL45WV7K,25,Male,memory_2step_exp3,3582935,3QGHA0EA1MGR4GKNSEWY8BJ80SRWBM
A2T1LNI80EPOQR,39DD6S19JTRWRXZ63UNXX7FYE36ZEA,27,Male,memory_2step_exp3,4485716,3B623HUYK76FV1575X2NKKQMM9B8SL
A1LLAP0EV74WMS,3ON104KXQOCA50X831RDPH9PKCC4WN,21,Male,memory_2step_exp3,3893461,3X52SWXE10LAELCT6ESTJVPQIDRWCT
A21OS9KG7JNHR7,3L4D84MIL38IBSL4B9SHUGOLNLRHJT,32,female,memory_2step_exp3,3452334,3YO4AH2FQG0L0WLRIP03W553LNE0Q1
A5D0231X0XJNV,3NS0A6KXC8OUBBVX9PDLXA0ARJQZGW,30,Male,memory_2step_exp3,3558006,3Q9SPIIRXM2ML6FVM0W2D0Z2IA6WAR
A33XAJW8WGY3O9,3A4TN5196OYV3EFY1HBV7CBQX1DHCA,30,Male,memory_2step_exp3,4863233,31KPKEKW5DTYWQJ2Z73D1GA4ZNDB00
AVN1RGGP00USR,31IBVUNM9WF7ORUSX8I0UJN22THVFQ,24,Male,memory_2step_exp3,4586281,371DNNCG57IGA1IMUX7DUPM8OSP8TA
AEWGY34WUIA32,3IXEICO796ZWS6XSRKFHZVM4C9XT64,34,male,memory_2step_exp3,4832787,3VGZ74AYUJWEHZMTR9OBXS32OP2GCF
A16Y5JEB1EF9CY,3300DTYQT6XND5YFGY4K6E3U90QQEC,23,female,memory_2step_exp3,3836135,371DNNCG57IGA1IMUX7DUPM8OSP8TA
A3TT7QV49VCZJ9,3T3IWE1XGA3P2OGC6TTF503VCA9QTY,33,male,memory_2step_exp3,3648461,3Q9SPIIRXM2ML6FVM0W2D0Z2IA6WAR
AQTJFPB37TML0,3NPFYT4IZGK56GVI87P00PKZJJRGXF,27,male,memory_2step_exp3,4267323,371DNNCG57IGA1IMUX7DUPM8OSP8TA
A2D6VL5XE0O4D3,3AZHRG4CU80WFEDJAGT98H8F57003V,31,female,memory_2step_exp3,4754521,3HRWUH63RXIZS6U0Z3EY966PXK25N4
AERUGBNS48Z4N,3WRFBPLXRE4Z0A5QBMV7JT4SD0AN3S,33,Male,memory_2step_exp3,4738989,3HRWUH63RXIZS6U0Z3EY966PXK25N4
A2MW5S0XS0D5MN,3C44YUNSI55XLNJ0KQEB0RVZ4SZPDN,32,Female,memory_2step_exp3,5057451,3QGHA0EA1MGR4GKNSEWY8BJ80SRWBM
A36T7N6CT9GUCG,39PAAFCODQGH7WCTSSNPBN23T2STVZ,33,female,memory_2step_exp3,3851375,3MQKOF1EF54KJDI76AN431783D3WDT
AUFUUD4WG9CVO,3JPSL1DZ5WFZKV4BK1AH61IYJA2NAO,30,Male,memory_2step_exp3,4269722,3X52SWXE10LAELCT6ESTJVPQIDRWCT
ATKNH6OR2G11O,3DI28L7YXEUZW1EYVJE55DVM1OWE13,33,Female,memory_2step_exp3,4087672,3Q9SPIIRXM2ML6FVM0W2D0Z2IA6WAR
A14LASEXBQ8C5W,3R3YRB5GRJJCFLOKH2M3KWASR6VAU3,21,Female,memory_2step_exp3,4952101,30UZJB2PPKSSO21QHKUJ0S8JS3B35M
A2HRUFTA09371Y,3BQU611VFT00QAQCRLDCS5CU837990,26,female,memory_2step_exp3,3406309,3SD15I2WE5AO7614M34OSYMJOYM362
A25W2HZYMZVCM1,30BXRYBRP8D4HCL3I8BWJ6ITPH0WH3,22,Nonbinary,memory_2step_exp3,3767062,31KPKEKW5DTYWQJ2Z73D1GA4ZNDB00
AFKB7F09OVKV7,3S96KQ6I9QKVDFC717NV51WWTVKTDW,30,Male,memory_2step_exp3,3901995,3SD15I2WE5AO7614M34OSYMJOYM362
A3TDA1NWHNQFE3,34V1S5K3GWHD8ROETEA08VLSI2V69I,33,Female,memory_2step_exp3,4145453,306996CF7Z0Y3F4KVQ7DFLTE4FJB13
A1VLHS7UKVX52L,3VHHR074H7XRDT3S1LIIJICJD72L7Z,27,Male,memory_2step_exp3,3465014,3Q9SPIIRXM2ML6FVM0W2D0Z2IA6WAR
A2WPKP73S4MBLK,3TXD01ZLD8XXDW8381CC7TOSZWZ4UM,30,Male,memory_2step_exp3,5312682,30UZJB2PPKSSO21QHKUJ0S8JS3B35M
A2STMS163OI8TB,3NPI0JQDASL42CFX6GEQ5VDL7EMTP9,30,Female,memory_2step_exp3,5591329,32CXT5U15JJVAEXBU2XNZL8A76W8U1
A1IMO5XR05U7S5,3MRNMEIQW9M7U242SYL4JAMFZIYDLD,32,female,memory_2step_exp3,3634923,32CXT5U15JJVAEXBU2XNZL8A76W8U1
A3KFFIBJZVM0J2,3EF8EXOTT5B77H0Q9KPW2T8E6WSJ1T,33,Male,memory_2step_exp3,4050773,3HRWUH63RXIZS6U0Z3EY966PXK25N4
AKFOCQ8TQZDDG,3J2UYBXQQPSVCX01TIR7FKKZFY560A,26,female,memory_2step_exp3,4451662,3SA4EMRVKYI00KKCICLEW0FTGRS0PA
A3D2U4QF7821ZW,3ZDAD0O1T5T9BLHOS7O7Z8ZO9DWTXY,25,female,memory_2step_exp3,5557119,382GHPVPIV7ASJXQ3FB9V025S7G34H
A3EZEVKRB0VRNM,3K9FOBBF2LZGGEVFHSZ7FFY9DM0NL5,35,Female,memory_2step_exp3,4475100,306996CF7Z0Y3F4KVQ7DFLTE4FJB13
A12FTSX85NQ8N9,3VJ40NV2QM3MHC3WRG1BGV8VX9QTOS,29,Male,memory_2step_exp3,3426388,3MQKOF1EF54KJDI76AN431783D3WDT
A1BE3Y8ZDZ31BP,3JNQLM5FT82KRS6MV91NNRVB2R8L2B,25,male,memory_2step_exp3,4520138,3X2LT8FDIZY82IMGP2COH9T7SM78W0
A1NIKHUA79SWGD,30X31N5D676W08WGSXR35VS469CASP,28,Male,memory_2step_exp3,5062249,3X52SWXE10LAELCT6ESTJVPQIDRWCT
AJQ71YIGY01HZ,34X6J5FLPXEVOLK7UZFB3UGME8IQJT,33,Female,memory_2step_exp3,5782885,3Q9SPIIRXM2ML6FVM0W2D0Z2IA6WAR
A2MS1GQLGAX9FZ,3MMN5BL1W3KTISKQZLG76EFS8AZ3M7,23,female,memory_2step_exp3,4098425,3B623HUYK76FV1575X2NKKQMM9B8SL
A2JXPT39AWRES7,3WQ3B2KGECW1PY2ELSCF45P1YRK1BR,25,Male,memory_2step_exp3,5594505,31KPKEKW5DTYWQJ2Z73D1GA4ZNDB00
AOMFEAWQHU3D8,3PH3VY7DJPDQ8XLXOUH3JDMYL7CWZO,25,female,memory_2step_exp3,6217760,3X2LT8FDIZY82IMGP2COH9T7SM78W0
A11S8IAAVDXCUS,3A1COHJ8NNBTRBPLK5VQ5QF77AS8HV,31,female,memory_2step_exp3,3378080,3B623HUYK76FV1575X2NKKQMM9B8SL
ARYL3C6N9SVV1,3JV9LGBJWXUIC7HQ7G24HCT67FOGOC,35,Male,memory_2step_exp3,5095997,31KPKEKW5DTYWQJ2Z73D1GA4ZNDB00
A2GXE6MIDN8DPR,3IRIK4HM3E0F6PVH5YKRALM0ONXC64,31,Male,memory_2step_exp3,4532447,3QGHA0EA1MGR4GKNSEWY8BJ80SRWBM
AVFMTS8A5R4XK,3QXNC7EIPMBIUG2ZRPUJZUB15Z909B,28,male,memory_2step_exp3,3756351,32CXT5U15JJVAEXBU2XNZL8A76W8U1
A5HEKO0GZ3GD9,3JWH6J9I9WT43593QFAD1C241SUBNE,27,Female,memory_2step_exp3,4608600,382GHPVPIV7ASJXQ3FB9V025S7G34H
A2XGVGSG5WR173,3IQ1VMJRYX0EVT0HJRRCO0NEELK9AA,28,Female,memory_2step_exp3,3905642,32CXT5U15JJVAEXBU2XNZL8A76W8U1
A3RHJEMZ4EGY2U,34BBWHLWHER4D7WNOQTHJIJ8PUJWI0,27,female,memory_2step_exp3,4334868,382GHPVPIV7ASJXQ3FB9V025S7G34H
A3P5P5LGJGB6HD,3F0BG9B9MT3BDSARK078DQEFMM17Y8,29,Male,memory_2step_exp3,3453464,30UZJB2PPKSSO21QHKUJ0S8JS3B35M
A2U1OCHJOOLVMB,3L4D84MIL38IBSL4B9SHUGOLNLNJHR,28,male,memory_2step_exp3,7014456,306996CF7Z0Y3F4KVQ7DFLTE4FJB13
AGIP2NJ8K62IM,345LHZDED18CV0PZ8N7TXOWMLW33U0,34,Female,memory_2step_exp3,4148089,3DW3BNF1HKYVNTMBZS7SV7ATLD58VQ
AAURS65ZO4SXC,3EQHHY4HQW8W4XB8216586TFQKL5GY,33,male,memory_2step_exp3,5007626,3QGHA0EA1MGR4GKNSEWY8BJ80SRWBM
AGWWUXDX6CI38,3IJXV6UZ11ZZ5BF1PWJBWJBRXFVIRA,24,female,memory_2step_exp3,7538076,3VGZ74AYUJWEHZMTR9OBXS32OP2GCF
A2NA6X1SON3KFH,3DI28L7YXEUZW1EYVJE55DVM1OU1EO,35,male,memory_2step_exp3,4108727,3MQKOF1EF54KJDI76AN431783D3WDT
A1VAL7L9L79IN0,3H7Z272LXBNGJZ7SX7CZJ434D11PL3,30,male,memory_2step_exp3,4111355,3SA4EMRVKYI00KKCICLEW0FTGRS0PA
APGX2WZ59OWDN,3M68NM076LNJCRK0NVAMZGLMOO26R6,27,female,memory_2step_exp3,3464036,3DW3BNF1HKYVNTMBZS7SV7ATLD58VQ
A3K9GTQBOI7O5A,30JNVC0ORD0ZXFPH6ZCQRH071GEQHO,29,Female,memory_2step_exp3,3916562,3B623HUYK76FV1575X2NKKQMM9B8SL
AGILQEFEPEK7N,3ZY8KE4ISNJ4FGK1BOTU6IRG9VPQVE,31,male,memory_2step_exp3,6895258,3MQKOF1EF54KJDI76AN431783D3WDT
A2HZSG2OHU7O8P,3OUYGIZWRBE3M3I68EQGLKBGA3WP00,28,male,memory_2step_exp3,3849012,3B623HUYK76FV1575X2NKKQMM9B8SL
A85NRZR9RYCUS,3PM8NZGV82WWJ5PWB3UCU3O1P6ZQXJ,34,Male,memory_2step_exp3,7678465,3B623HUYK76FV1575X2NKKQMM9B8SL
AZXSVMAA87U61,3H7Z272LXBNGJZ7SX7CZJ434D1FPLH,33,female,memory_2step_exp3,4036362,30UZJB2PPKSSO21QHKUJ0S8JS3B35M
A8UJNIY9R8S7W,3W8CV64QJ6FT5G8VPX145MAIRGG9HR,33,male,memory_2step_exp3,3476022,306996CF7Z0Y3F4KVQ7DFLTE4FJB13
A1WS9UHL45VZ0X,3BF51CHDTZQB9MKIP1IBCB9POCZH00,19,Female,memory_2step_exp3,3548729,32CXT5U15JJVAEXBU2XNZL8A76W8U1
A1TZP0563TMGLK,338JKRMM2AF7AZI0H3F41HL2XYCAHL,22,Female ,memory_2step_exp3,3411998,382GHPVPIV7ASJXQ3FB9V025S7G34H
A37LQ9Z1IN19ZC,3A0EX8ZRNC4YF4DHXHJOIS0B5C4YBX,29,male,memory_2step_exp3,3999616,3VGZ74AYUJWEHZMTR9OBXS32OP2GCF
A2LAWUYEMWODHH,3R0T90IZ1WSH3IKNHBTDMCZPI13GCD,34,Female,memory_2step_exp3,8211587,3HRWUH63RXIZS6U0Z3EY966PXK25N4
A5BMKZRGHNSRT,3IOEN3P9SBZVJMLJP1V7TP39KQR16O,28,Female,memory_2step_exp3,3640692,3X2LT8FDIZY82IMGP2COH9T7SM78W0
A12HWPFXQPITHD,3U4J9857OIRF0KHGA8TO5FGE1D17BB,30,male,memory_2step_exp3,3824652,3HRWUH63RXIZS6U0Z3EY966PXK25N4
A31NC9A4GNQTO5,39JEC7537YH0LFAI66SZMD2Z5G2CV9,30,female,memory_2step_exp3,4539555,3QGHA0EA1MGR4GKNSEWY8BJ80SRWBM
A2EGOCAO0VL2S8,3R08VXYT7GB7ONFR5ZPKSTTZBEDW7A,27,Female,memory_2step_exp3,5734081,31KPKEKW5DTYWQJ2Z73D1GA4ZNDB00
A2NHFSO7GMM8QR,3KAKFY4PGYI7M9UZE6IFEL8BR1FI36,31,female,memory_2step_exp3,5421800,3Q9SPIIRXM2ML6FVM0W2D0Z2IA6WAR
A25OK203N0QYH2,3QHK8ZVMIQYEF56IE2UYOKYFWX9BLR,35,male,memory_2step_exp3,4205397,30UZJB2PPKSSO21QHKUJ0S8JS3B35M
A2H2DJL45BZBD,31HQ4X3T3WQDWRNKPOGTE98F0LXSLB,27,Male,memory_2step_exp3,3636709,3VGZ74AYUJWEHZMTR9OBXS32OP2GCF
A52PM5RF5LMCI,3TOK3KHVJXYZJE6PEDYABZGD8CQO72,33,male,memory_2step_exp3,3624082,3MQKOF1EF54KJDI76AN431783D3WDT
A3NHBXYOMMJ2W6,3YWRV122CWFYWXV5K42PO54X1IJU87,29,female,memory_2step_exp3,3743651,3MQKOF1EF54KJDI76AN431783D3WDT
A118BQHK3S4UDV,30OG32W0SYR2A8LN06C32K8P4PPNE8,23,non-binary,memory_2step_exp3,3704420,382GHPVPIV7ASJXQ3FB9V025S7G34H
A3A7O8IJMBLF5J,3Y54SXRO1P1HUHNTN2DKF10KFV0TUR,31,female,memory_2step_exp3,3878975,3SD15I2WE5AO7614M34OSYMJOYM362
A2IMTHMZNR0MZJ,3L0KT67Y8IWXWQUJ835J8HAB902YSA,29,FEMALE,memory_2step_exp3,3907271,3HRWUH63RXIZS6U0Z3EY966PXK25N4
A36GU3OHGLDS8R,3TVSS0C0E5GUMLCYI2SLXPLH0BPWT7,30,Male,memory_2step_exp3,3296878,3SA4EMRVKYI00KKCICLEW0FTGRS0PA
A3US4NGKXBVI48,3QHK8ZVMIQYEF56IE2UYOKYFWX5BLN,35,male,memory_2step_exp3,5818996,31KPKEKW5DTYWQJ2Z73D1GA4ZNDB00
A2RBVMD2HTBCZ9,3Z4XG4ZF4C7QD1P0P9DC8C31V028XF,33,male,memory_2step_exp3,3749479,3DW3BNF1HKYVNTMBZS7SV7ATLD58VQ
A1EN3FW93BSXQQ,3WJEQKOXACIW6OXMFECJ9U5VG9F1AC,27,female,memory_2step_exp3,4145666,3X52SWXE10LAELCT6ESTJVPQIDRWCT
A3BU32QBDM7DAM,3Y54SXRO1P1HUHNTN2DKF10KFV5UTX,30,Male,memory_2step_exp3,4299104,3X2LT8FDIZY82IMGP2COH9T7SM78W0
A7SXWHGK8B40R,3TE22NPXPFSYWYEOTVLUUPQY0JV44J,24,Male,memory_2step_exp3,3289149,3YO4AH2FQG0L0WLRIP03W553LNE0Q1
AZBUDUYIII5I0,3Z7ISHFUH4BFIWPFQR1X5XJC3008ZC,27,male,memory_2step_exp3,4417712,3QGHA0EA1MGR4GKNSEWY8BJ80SRWBM
A1Z3NTRGIUZ240,3RGU30DZTEO436MF268UMLWH47AMJR,33,male,memory_2step_exp3,4938976,32CXT5U15JJVAEXBU2XNZL8A76W8U1
A3DUL880Y08G95,3VE8AYVF8QD9DFYFPF7Q253URV68FO,26,male,memory_2step_exp3,4568849,3VGZ74AYUJWEHZMTR9OBXS32OP2GCF
A5CIHEPULDFUF,3IO1LGZLKDDDUM54OM4M8ZQHYX586P,26,Male,memory_2step_exp3,3992820,3X52SWXE10LAELCT6ESTJVPQIDRWCT
A3NKZMF7M4X0ZP,3PJ71Z61R8II15NHN8YJDZUBARX915,26,Male,memory_2step_exp3,3947665,371DNNCG57IGA1IMUX7DUPM8OSP8TA
A5K108EWACHK5,3SBEHTYCWRJ82CRN3RB54F4O032IY6,33,Male,memory_2step_exp3,4264553,382GHPVPIV7ASJXQ3FB9V025S7G34H
A1QMJNJ5FGC09,3LRLIPTPEUPYCPJ8NOI1E91UPFNAKW,23,male,memory_2step_exp3,5472073,30UZJB2PPKSSO21QHKUJ0S8JS3B35M
A2OO4PG3LBLP5I,3JJVG1YBEFD0DG3XMFER7V2IA7PB5J,32,MALE,memory_2step_exp3,5087843,3Q9SPIIRXM2ML6FVM0W2D0Z2IA6WAR
A25R6M1SRCDIYF,37WLF8U1WT6XPN75XB1PY4Z8TX5K6Q,32,Female,memory_2step_exp3,3776506,31KPKEKW5DTYWQJ2Z73D1GA4ZNDB00
A36NTNEXBNBIOD,3CFVK00FWP189TPNIBDQD4CNIX96LE,27,Male,memory_2step_exp3,4219242,3DW3BNF1HKYVNTMBZS7SV7ATLD58VQ
A38GFVEBNQNSUJ,3F6KKYWMNFHXI27N4B1JW2Q44E5NDY,22,male,memory_2step_exp3,3868747,3YO4AH2FQG0L0WLRIP03W553LNE0Q1
A11YS0T8MV3Q7C,38JBBYETQSQGO0BHI1X73B2PD9Y4E0,30,Male,memory_2step_exp3,5179187,31KPKEKW5DTYWQJ2Z73D1GA4ZNDB00
AB60ITQGDVHF0,374TNBHA8FBLJAF6GZGEDHVARDYQYW,34,female,memory_2step_exp3,3631561,3DW3BNF1HKYVNTMBZS7SV7ATLD58VQ
A1N1ULK71RHVMM,3JC6VJ2SAFZVU6Y5G1EVCKICSQ75AN,29,female,memory_2step_exp3,4976147,30UZJB2PPKSSO21QHKUJ0S8JS3B35M
A6WYBPPG8Y2Q4,30IQTZXKAOM8VCKXU50XFXXJC320XY,32,Male,memory_2step_exp3,3941965,3DW3BNF1HKYVNTMBZS7SV7ATLD58VQ
AIHUIAQ4922K3,336KAV9KYU84RRDLEOQDHZX7B6DY2H,32,Male,memory_2step_exp3,8063007,3X2LT8FDIZY82IMGP2COH9T7SM78W0
A3BJ95HQQ28GTE,3ZV9H2YQQHNPN4E43NMUFCHJ6DOW34,34,Female,memory_2step_exp3,3866655,3QGHA0EA1MGR4GKNSEWY8BJ80SRWBM
A2UISTPVTDPOOG,3FUI0JHJP1ESW6CGT3BSAF6M8KV336,29,male,memory_2step_exp3,4712779,3DW3BNF1HKYVNTMBZS7SV7ATLD58VQ
ALCPF5NANBDSZ,38JBBYETQSQGO0BHI1X73B2PDA54E9,34,male,memory_2step_exp3,3424890,3QX22DUVPRXA8IOFTTHB0PBO5I3MV1
A10T0161B70BXP,3ZV9H2YQQHNPN4E43NMUFCHJ6EDW3V,25,male,memory_2step_exp3,3643324,3SNR5F7RA597AOC2DOU98SGLOEGIEB
A1F6MWP9A0XLJQ,3DI28L7YXEUZW1EYVJE55DVM1QVE16,34,Male,memory_2step_exp3,3867721,3X4Q1O9UCK2WXV8VOBT8MFKQE0B7O9
A5C2W2YA7OHF8,3BDCF01OG1AASDZTOU8IWVWGH85LYY,33,Male,memory_2step_exp3,3833793,3QX22DUVPRXA8IOFTTHB0PBO5I3MV1
A34VLM2UC0JY11,3TOK3KHVJXYZJE6PEDYABZGD8E17O0,32,Female,memory_2step_exp3,3848007,3SNR5F7RA597AOC2DOU98SGLOEGIEB
A13WTEQ06V3B6D,3WJEQKOXACIW6OXMFECJ9U5VGBX1AY,29,Male,memory_2step_exp3,3194442,3QX22DUVPRXA8IOFTTHB0PBO5I3MV1
A2FYFCD16Z3PCC,3OS46CRSLJFB5Y1HWFFW0DAP9WGV6T,28,male,memory_2step_exp3,3627902,3SNR5F7RA597AOC2DOU98SGLOEGIEB
A1NKBIJQGT0712,3M1CVSFP64LKNSH30T2YAVD3ONPAQ2,22,Male,memory_2step_exp3,3991047,3A3KKYU7Q6XNN7OKJ3M7MRU2CR5MWB
A2BPXWBO2OSJRP,31IBVUNM9WF7ORUSX8I0UJN22VKFVH,26,male,memory_2step_exp3,3545505,3QX22DUVPRXA8IOFTTHB0PBO5I3MV1
AKP66RIZ3LQVX,33UKMF931D02U484NXNAA5EIWJ8TTJ,23,Male,memory_2step_exp3,3785835,3A3KKYU7Q6XNN7OKJ3M7MRU2CR5MWB
AZ2P6DGG5M6SH,3R6P78PK7ORYPZMY3XO3BMZT6P0TGA,34,male,memory_2step_exp3,3981084,3SNR5F7RA597AOC2DOU98SGLOEGIEB
A25PFSORDO3SWQ,3Q5ZZ9ZEVSVHBI5QJ3UHGTCH23285J,33,male,memory_2step_exp3,4247954,3A3KKYU7Q6XNN7OKJ3M7MRU2CR5MWB
A2866TYG0D96LM,3TUI152ZZF3OT4434A95ZUK0KTNQ1Y,32,Male,memory_2step_exp3,5010461,3X4Q1O9UCK2WXV8VOBT8MFKQE0B7O9
AZ69TBTDH7AZS,3F0BG9B9MT3BDSARK078DQEFMOZY71,28,male,memory_2step_exp3,4617446,3X4Q1O9UCK2WXV8VOBT8MFKQE0B7O9
A3JN9PHM83VP1V,38SKSKU7R5DO2DKOKCMFA72SRPEILW,23,Male,memory_2step_exp3,4594165,3A3KKYU7Q6XNN7OKJ3M7MRU2CR5MWB
A3GEYEPOHA33SP,3BV8HQ2ZZ0HRDAYJLKO04QWCOMD6A1,23,male,memory_2step_exp3,3607457,3X4Q1O9UCK2WXV8VOBT8MFKQE0B7O9
A17K1CHOI773VZ,35USIKEBNVWYXTS8UOT5QWGCNTKN6A,32,Male,memory_2step_exp3,4732826,3SNR5F7RA597AOC2DOU98SGLOEGIEB
A2FCQ5K0T1PYHS,37UEWGM5HXOO55J3HPY54KU5GF0R1B,25,Male,memory_2step_exp3,3667523,3X4Q1O9UCK2WXV8VOBT8MFKQE0B7O9
A39C22RIL0YJ4D,3AWETUDC9688721SZDDOIMDQ6YUIZN,25,male,memory_2step_exp3,3540679,3X4Q1O9UCK2WXV8VOBT8MFKQE0B7O9
A2VGFS03KCCR1Q,3S3AMIZX3YLERYAWFLS5GRWS5B1CDH,31,male,memory_2step_exp3,3716817,3SNR5F7RA597AOC2DOU98SGLOEGIEB
A17KN7NAP48L4B,3RXPCZQMQTRXGFAP1E4T5GGYE6PG14,31,Female,memory_2step_exp3,4124932,3X4Q1O9UCK2WXV8VOBT8MFKQE0B7O9
ASNMT3I94HZ44,3A1PQ49WVLXBGB50LKMBQGSZT62H14,28,Male,memory_2step_exp3,4277964,3X4Q1O9UCK2WXV8VOBT8MFKQE0B7O9
A3UT4PVIWBLFLN,3ZPBJO59KTH586LC1D66RIT8I35HDU,26,female,memory_2step_exp3,4617598,3SNR5F7RA597AOC2DOU98SGLOEGIEB
A80X2FTFDSR19,3Z4GS9HPNZQSY8EQXRH80DUIIP777Q,29,Female,memory_2step_exp3,4654222,3QX22DUVPRXA8IOFTTHB0PBO5I3MV1
A3TFUZL0VQ2WI6,39K0FND3ALVT2DJB80VHTMTYEMBMAA,32,female,memory_2step_exp3,3423164,3SNR5F7RA597AOC2DOU98SGLOEGIEB
ARB8SJAWXUWTD,39PAAFCODQGH7WCTSSNPBN23T48TVJ,28,Male,memory_2step_exp3,3411325,3SNR5F7RA597AOC2DOU98SGLOEGIEB
A17TKHT8FEVH0R,3KXIR214I8WOTKZ1PH261AT0G7Y24O,27,male,memory_2step_exp3,4108793,3A3KKYU7Q6XNN7OKJ3M7MRU2CR5MWB
A2R9OK4M877ZCC,31LM9EDVOP8ALO7FE7NUZ0LH9ZDJNL,33,male,memory_2step_exp3,4941525,3A3KKYU7Q6XNN7OKJ3M7MRU2CR5MWB
A28U7B76HLCS1U,3IXEICO796ZWS6XSRKFHZVM4CBDT6O,26,Female,memory_2step_exp3,6093535,3QX22DUVPRXA8IOFTTHB0PBO5I3MV1
A252P9NJHP5QOZ,31Q0U3WYDTVENMZO8B0ZZ335F3771T,30,female,memory_2step_exp3,3809340,3A3KKYU7Q6XNN7OKJ3M7MRU2CR5MWB
A36WCAXXCHDUXL,3MHW492WW4TDU1M9JVMDP97BZWIMVH,31,female,memory_2step_exp3,4217357,3A3KKYU7Q6XNN7OKJ3M7MRU2CR5MWB
A1CUDX7TTS2W61,3RSDURM96E2WM7P178LEJ06W8CVYEH,30,male,memory_2step_exp3,3214811,3QX22DUVPRXA8IOFTTHB0PBO5I3MV1
A3KC385CZNYEG5,3B837J3LDSCOZPIXU8DP0LHE6FMSR5,24,Nebularian,memory_2step_exp3,6004674,3QX22DUVPRXA8IOFTTHB0PBO5I3MV1
AYEEKFSGE2CCO,3BQU611VFT00QAQCRLDCS5CU862991,18,female,memory_2step_exp3,4291937,3X4Q1O9UCK2WXV8VOBT8MFKQE0B7O9
A3JI3B5GTVA95F,36U2A8VAG5FZ87HB3UWHHVJ1S9ZKYV,30,Male,memory_2step_exp3,4342912,3QX22DUVPRXA8IOFTTHB0PBO5I3MV1
A2E0LU8V4EUX5C,3Y5140Z9D1WETYZMC4FMROBCWAMPIU,28,Male,memory_2step_exp3,3774273,391FPZIE5F2O3PY4X6RTCY19AQ3HU8
AXKTYKCT9NGHS,3S0TNUHWKXYCFVKJY9C0E509FWT8D8,29,Female,memory_2step_exp3,4036142,391FPZIE5F2O3PY4X6RTCY19AQ3HU8
A2HXUTHYA5C1E0,3SBEHTYCWRJ82CRN3RB54F4O0H4YIG,34,Female,memory_2step_exp3,3589775,391FPZIE5F2O3PY4X6RTCY19AQ3HU8
A353XKDTUX10NC,3C8HJ7UOPBAU3LRJKSBGAFK7VDJZM9,27,male,memory_2step_exp3,3687217,3YGE63DIOBDQKTHDUYZ9OUNPB7QW00
A2CEGS0NVDBCPT,33L7PJKHCKEJWKGGKZCFJ9IVQC98TF,26,female,memory_2step_exp3,4182360,3YGE63DIOBDQKTHDUYZ9OUNPB7QW00
A3CGQOJC28OVGN,3TMSXRD2XAGTD10PGJ8BRJ2MG0KW18,30,female,memory_2step_exp3,5949483,3YGE63DIOBDQKTHDUYZ9OUNPB7QW00
A1BSVEBYDZ0AAU,3X3OR7WPZ3GVD78BBQAOXI8EW0T8LK,27,male,memory_2step_exp3,4007591,3YGE63DIOBDQKTHDUYZ9OUNPB7QW00
A1HRH92NH49RX2,3HUTX6F6VY3SXD9J81HFF8Z555N2O9,32,male,memory_2step_exp3,3919028,3YGE63DIOBDQKTHDUYZ9OUNPB7QW00
2,assignmentid,24,Male,memory_2step_EEG,12305610,NULL
3,assignmentid,20,female ,memory_2step_EEG,9732409,NULL
4,assignmentid,19,Male,memory_2step_EEG,8448689,NULL
5,assignmentid,23,female,memory_2step_EEG,10210869,NULL
7,assignmentid,18,female,memory_2step_EEG,9175741,NULL
8,assignmentid,19,M,memory_2step_EEG,10673651,NULL